{
  "_generated": "Generated by SweetTooth, do not edit", 
  "description": "A simple extension with a primary task of launching the Overview at each start of Gnome Shell, e.g on login. Influenced by @gevera, the Applications/Frequent view is default, but has an option to show the Windows view. \n\ntodo: timeout option, eventually show the Overview when no windows are open or none are in focus, regardless of workspace/s and settings", 
  "extension-id": "overviewonstartup", 
  "gettext-domain": "overviewonstartup", 
  "localedir": "/usr/share/locale", 
  "name": "Overview On Startup", 
  "original-author": "l300lvl", 
  "settings-schema": "org.gnome.shell.extensions.overviewonstartup", 
  "shell-version": [
    "3.4", 
    "3.6", 
    "3.5.4", 
    "3.8"
  ], 
  "url": "https://github.com/l300lvl/overview-on-startup-extension", 
  "uuid": "overview-on-startup@atz3.yahoo.com", 
  "version": 6
}